{
  "O": [
    592.0,
    600.0
  ],
  "X": [
    748.1666049839541,
    703.0
  ],
  "Y": [
    615.0,
    292.0
  ],
  "Z": [
    377.8333950160459,
    605.0
  ],
  "grid_div": 4,
  "color": [
    0,
    255,
    255
  ],
  "vignette_alpha": 110,
  "sprite": {
    "u": 0.2399999999999998,
    "v": 0.0,
    "size_near": 350,
    "size_far": 30,
    "depth_curve": 1.25,
    "x_offset": -84,
    "y_offset": 56
  }
}